design,order,po_index,po_gate_id,po_name,bdd_size,status,png,report,dot,log,dofile
adder_4,file,0,37,sum[0],3,ok,results/adder_4/file/adder_4_file_po00_sum_0.png,results/adder_4/file/adder_4_file_po00_sum_0.bdd.txt,results/adder_4/file/adder_4_file_po00_sum_0.dot,results/adder_4/file/adder_4_file_po00_sum_0.log,results/adder_4/file/adder_4_file_po00_sum_0.do
adder_4,file,1,38,sum[1],6,ok,results/adder_4/file/adder_4_file_po01_sum_1.png,results/adder_4/file/adder_4_file_po01_sum_1.bdd.txt,results/adder_4/file/adder_4_file_po01_sum_1.dot,results/adder_4/file/adder_4_file_po01_sum_1.log,results/adder_4/file/adder_4_file_po01_sum_1.do
adder_4,file,2,39,sum[2],13,ok,results/adder_4/file/adder_4_file_po02_sum_2.png,results/adder_4/file/adder_4_file_po02_sum_2.bdd.txt,results/adder_4/file/adder_4_file_po02_sum_2.dot,results/adder_4/file/adder_4_file_po02_sum_2.log,results/adder_4/file/adder_4_file_po02_sum_2.do
adder_4,file,3,40,sum[3],28,ok,results/adder_4/file/adder_4_file_po03_sum_3.png,results/adder_4/file/adder_4_file_po03_sum_3.bdd.txt,results/adder_4/file/adder_4_file_po03_sum_3.dot,results/adder_4/file/adder_4_file_po03_sum_3.log,results/adder_4/file/adder_4_file_po03_sum_3.do
adder_4,file,4,41,cout[0],42,ok,results/adder_4/file/adder_4_file_po04_cout_0.png,results/adder_4/file/adder_4_file_po04_cout_0.bdd.txt,results/adder_4/file/adder_4_file_po04_cout_0.dot,results/adder_4/file/adder_4_file_po04_cout_0.log,results/adder_4/file/adder_4_file_po04_cout_0.do
adder_4,dfs,0,37,sum[0],3,ok,results/adder_4/dfs/adder_4_dfs_po00_sum_0.png,results/adder_4/dfs/adder_4_dfs_po00_sum_0.bdd.txt,results/adder_4/dfs/adder_4_dfs_po00_sum_0.dot,results/adder_4/dfs/adder_4_dfs_po00_sum_0.log,results/adder_4/dfs/adder_4_dfs_po00_sum_0.do
adder_4,dfs,1,38,sum[1],5,ok,results/adder_4/dfs/adder_4_dfs_po01_sum_1.png,results/adder_4/dfs/adder_4_dfs_po01_sum_1.bdd.txt,results/adder_4/dfs/adder_4_dfs_po01_sum_1.dot,results/adder_4/dfs/adder_4_dfs_po01_sum_1.log,results/adder_4/dfs/adder_4_dfs_po01_sum_1.do
adder_4,dfs,2,39,sum[2],8,ok,results/adder_4/dfs/adder_4_dfs_po02_sum_2.png,results/adder_4/dfs/adder_4_dfs_po02_sum_2.bdd.txt,results/adder_4/dfs/adder_4_dfs_po02_sum_2.dot,results/adder_4/dfs/adder_4_dfs_po02_sum_2.log,results/adder_4/dfs/adder_4_dfs_po02_sum_2.do
adder_4,dfs,3,40,sum[3],11,ok,results/adder_4/dfs/adder_4_dfs_po03_sum_3.png,results/adder_4/dfs/adder_4_dfs_po03_sum_3.bdd.txt,results/adder_4/dfs/adder_4_dfs_po03_sum_3.dot,results/adder_4/dfs/adder_4_dfs_po03_sum_3.log,results/adder_4/dfs/adder_4_dfs_po03_sum_3.do
adder_4,dfs,4,41,cout[0],12,ok,results/adder_4/dfs/adder_4_dfs_po04_cout_0.png,results/adder_4/dfs/adder_4_dfs_po04_cout_0.bdd.txt,results/adder_4/dfs/adder_4_dfs_po04_cout_0.dot,results/adder_4/dfs/adder_4_dfs_po04_cout_0.log,results/adder_4/dfs/adder_4_dfs_po04_cout_0.do
adder_4,rdfs,0,37,sum[0],3,ok,results/adder_4/rdfs/adder_4_rdfs_po00_sum_0.png,results/adder_4/rdfs/adder_4_rdfs_po00_sum_0.bdd.txt,results/adder_4/rdfs/adder_4_rdfs_po00_sum_0.dot,results/adder_4/rdfs/adder_4_rdfs_po00_sum_0.log,results/adder_4/rdfs/adder_4_rdfs_po00_sum_0.do
adder_4,rdfs,1,38,sum[1],5,ok,results/adder_4/rdfs/adder_4_rdfs_po01_sum_1.png,results/adder_4/rdfs/adder_4_rdfs_po01_sum_1.bdd.txt,results/adder_4/rdfs/adder_4_rdfs_po01_sum_1.dot,results/adder_4/rdfs/adder_4_rdfs_po01_sum_1.log,results/adder_4/rdfs/adder_4_rdfs_po01_sum_1.do
adder_4,rdfs,2,39,sum[2],8,ok,results/adder_4/rdfs/adder_4_rdfs_po02_sum_2.png,results/adder_4/rdfs/adder_4_rdfs_po02_sum_2.bdd.txt,results/adder_4/rdfs/adder_4_rdfs_po02_sum_2.dot,results/adder_4/rdfs/adder_4_rdfs_po02_sum_2.log,results/adder_4/rdfs/adder_4_rdfs_po02_sum_2.do
adder_4,rdfs,3,40,sum[3],11,ok,results/adder_4/rdfs/adder_4_rdfs_po03_sum_3.png,results/adder_4/rdfs/adder_4_rdfs_po03_sum_3.bdd.txt,results/adder_4/rdfs/adder_4_rdfs_po03_sum_3.dot,results/adder_4/rdfs/adder_4_rdfs_po03_sum_3.log,results/adder_4/rdfs/adder_4_rdfs_po03_sum_3.do
adder_4,rdfs,4,41,cout[0],12,ok,results/adder_4/rdfs/adder_4_rdfs_po04_cout_0.png,results/adder_4/rdfs/adder_4_rdfs_po04_cout_0.bdd.txt,results/adder_4/rdfs/adder_4_rdfs_po04_cout_0.dot,results/adder_4/rdfs/adder_4_rdfs_po04_cout_0.log,results/adder_4/rdfs/adder_4_rdfs_po04_cout_0.do
mult_4,file,0,97,p[0],3,ok,results/mult_4/file/mult_4_file_po00_p_0.png,results/mult_4/file/mult_4_file_po00_p_0.bdd.txt,results/mult_4/file/mult_4_file_po00_p_0.dot,results/mult_4/file/mult_4_file_po00_p_0.log,results/mult_4/file/mult_4_file_po00_p_0.do
mult_4,file,1,98,p[1],7,ok,results/mult_4/file/mult_4_file_po01_p_1.png,results/mult_4/file/mult_4_file_po01_p_1.bdd.txt,results/mult_4/file/mult_4_file_po01_p_1.dot,results/mult_4/file/mult_4_file_po01_p_1.log,results/mult_4/file/mult_4_file_po01_p_1.do
mult_4,file,2,99,p[2],17,ok,results/mult_4/file/mult_4_file_po02_p_2.png,results/mult_4/file/mult_4_file_po02_p_2.bdd.txt,results/mult_4/file/mult_4_file_po02_p_2.dot,results/mult_4/file/mult_4_file_po02_p_2.log,results/mult_4/file/mult_4_file_po02_p_2.do
mult_4,file,3,100,p[3],41,ok,results/mult_4/file/mult_4_file_po03_p_3.png,results/mult_4/file/mult_4_file_po03_p_3.bdd.txt,results/mult_4/file/mult_4_file_po03_p_3.dot,results/mult_4/file/mult_4_file_po03_p_3.log,results/mult_4/file/mult_4_file_po03_p_3.do
mult_4,file,4,101,p[4],47,ok,results/mult_4/file/mult_4_file_po04_p_4.png,results/mult_4/file/mult_4_file_po04_p_4.bdd.txt,results/mult_4/file/mult_4_file_po04_p_4.dot,results/mult_4/file/mult_4_file_po04_p_4.log,results/mult_4/file/mult_4_file_po04_p_4.do
mult_4,file,5,102,p[5],46,ok,results/mult_4/file/mult_4_file_po05_p_5.png,results/mult_4/file/mult_4_file_po05_p_5.bdd.txt,results/mult_4/file/mult_4_file_po05_p_5.dot,results/mult_4/file/mult_4_file_po05_p_5.log,results/mult_4/file/mult_4_file_po05_p_5.do
mult_4,file,6,103,p[6],37,ok,results/mult_4/file/mult_4_file_po06_p_6.png,results/mult_4/file/mult_4_file_po06_p_6.bdd.txt,results/mult_4/file/mult_4_file_po06_p_6.dot,results/mult_4/file/mult_4_file_po06_p_6.log,results/mult_4/file/mult_4_file_po06_p_6.do
mult_4,file,7,104,p[7],25,ok,results/mult_4/file/mult_4_file_po07_p_7.png,results/mult_4/file/mult_4_file_po07_p_7.bdd.txt,results/mult_4/file/mult_4_file_po07_p_7.dot,results/mult_4/file/mult_4_file_po07_p_7.log,results/mult_4/file/mult_4_file_po07_p_7.do
mult_4,dfs,0,97,p[0],3,ok,results/mult_4/dfs/mult_4_dfs_po00_p_0.png,results/mult_4/dfs/mult_4_dfs_po00_p_0.bdd.txt,results/mult_4/dfs/mult_4_dfs_po00_p_0.dot,results/mult_4/dfs/mult_4_dfs_po00_p_0.log,results/mult_4/dfs/mult_4_dfs_po00_p_0.do
mult_4,dfs,1,98,p[1],7,ok,results/mult_4/dfs/mult_4_dfs_po01_p_1.png,results/mult_4/dfs/mult_4_dfs_po01_p_1.bdd.txt,results/mult_4/dfs/mult_4_dfs_po01_p_1.dot,results/mult_4/dfs/mult_4_dfs_po01_p_1.log,results/mult_4/dfs/mult_4_dfs_po01_p_1.do
mult_4,dfs,2,99,p[2],19,ok,results/mult_4/dfs/mult_4_dfs_po02_p_2.png,results/mult_4/dfs/mult_4_dfs_po02_p_2.bdd.txt,results/mult_4/dfs/mult_4_dfs_po02_p_2.dot,results/mult_4/dfs/mult_4_dfs_po02_p_2.log,results/mult_4/dfs/mult_4_dfs_po02_p_2.do
mult_4,dfs,3,100,p[3],63,ok,results/mult_4/dfs/mult_4_dfs_po03_p_3.png,results/mult_4/dfs/mult_4_dfs_po03_p_3.bdd.txt,results/mult_4/dfs/mult_4_dfs_po03_p_3.dot,results/mult_4/dfs/mult_4_dfs_po03_p_3.log,results/mult_4/dfs/mult_4_dfs_po03_p_3.do
mult_4,dfs,4,101,p[4],50,ok,results/mult_4/dfs/mult_4_dfs_po04_p_4.png,results/mult_4/dfs/mult_4_dfs_po04_p_4.bdd.txt,results/mult_4/dfs/mult_4_dfs_po04_p_4.dot,results/mult_4/dfs/mult_4_dfs_po04_p_4.log,results/mult_4/dfs/mult_4_dfs_po04_p_4.do
mult_4,dfs,5,102,p[5],37,ok,results/mult_4/dfs/mult_4_dfs_po05_p_5.png,results/mult_4/dfs/mult_4_dfs_po05_p_5.bdd.txt,results/mult_4/dfs/mult_4_dfs_po05_p_5.dot,results/mult_4/dfs/mult_4_dfs_po05_p_5.log,results/mult_4/dfs/mult_4_dfs_po05_p_5.do
mult_4,dfs,6,103,p[6],28,ok,results/mult_4/dfs/mult_4_dfs_po06_p_6.png,results/mult_4/dfs/mult_4_dfs_po06_p_6.bdd.txt,results/mult_4/dfs/mult_4_dfs_po06_p_6.dot,results/mult_4/dfs/mult_4_dfs_po06_p_6.log,results/mult_4/dfs/mult_4_dfs_po06_p_6.do
mult_4,dfs,7,104,p[7],15,ok,results/mult_4/dfs/mult_4_dfs_po07_p_7.png,results/mult_4/dfs/mult_4_dfs_po07_p_7.bdd.txt,results/mult_4/dfs/mult_4_dfs_po07_p_7.dot,results/mult_4/dfs/mult_4_dfs_po07_p_7.log,results/mult_4/dfs/mult_4_dfs_po07_p_7.do
mult_4,rdfs,0,97,p[0],3,ok,results/mult_4/rdfs/mult_4_rdfs_po00_p_0.png,results/mult_4/rdfs/mult_4_rdfs_po00_p_0.bdd.txt,results/mult_4/rdfs/mult_4_rdfs_po00_p_0.dot,results/mult_4/rdfs/mult_4_rdfs_po00_p_0.log,results/mult_4/rdfs/mult_4_rdfs_po00_p_0.do
mult_4,rdfs,1,98,p[1],7,ok,results/mult_4/rdfs/mult_4_rdfs_po01_p_1.png,results/mult_4/rdfs/mult_4_rdfs_po01_p_1.bdd.txt,results/mult_4/rdfs/mult_4_rdfs_po01_p_1.dot,results/mult_4/rdfs/mult_4_rdfs_po01_p_1.log,results/mult_4/rdfs/mult_4_rdfs_po01_p_1.do
mult_4,rdfs,2,99,p[2],13,ok,results/mult_4/rdfs/mult_4_rdfs_po02_p_2.png,results/mult_4/rdfs/mult_4_rdfs_po02_p_2.bdd.txt,results/mult_4/rdfs/mult_4_rdfs_po02_p_2.dot,results/mult_4/rdfs/mult_4_rdfs_po02_p_2.log,results/mult_4/rdfs/mult_4_rdfs_po02_p_2.do
mult_4,rdfs,3,100,p[3],30,ok,results/mult_4/rdfs/mult_4_rdfs_po03_p_3.png,results/mult_4/rdfs/mult_4_rdfs_po03_p_3.bdd.txt,results/mult_4/rdfs/mult_4_rdfs_po03_p_3.dot,results/mult_4/rdfs/mult_4_rdfs_po03_p_3.log,results/mult_4/rdfs/mult_4_rdfs_po03_p_3.do
mult_4,rdfs,4,101,p[4],48,ok,results/mult_4/rdfs/mult_4_rdfs_po04_p_4.png,results/mult_4/rdfs/mult_4_rdfs_po04_p_4.bdd.txt,results/mult_4/rdfs/mult_4_rdfs_po04_p_4.dot,results/mult_4/rdfs/mult_4_rdfs_po04_p_4.log,results/mult_4/rdfs/mult_4_rdfs_po04_p_4.do
mult_4,rdfs,5,102,p[5],55,ok,results/mult_4/rdfs/mult_4_rdfs_po05_p_5.png,results/mult_4/rdfs/mult_4_rdfs_po05_p_5.bdd.txt,results/mult_4/rdfs/mult_4_rdfs_po05_p_5.dot,results/mult_4/rdfs/mult_4_rdfs_po05_p_5.log,results/mult_4/rdfs/mult_4_rdfs_po05_p_5.do
mult_4,rdfs,6,103,p[6],40,ok,results/mult_4/rdfs/mult_4_rdfs_po06_p_6.png,results/mult_4/rdfs/mult_4_rdfs_po06_p_6.bdd.txt,results/mult_4/rdfs/mult_4_rdfs_po06_p_6.dot,results/mult_4/rdfs/mult_4_rdfs_po06_p_6.log,results/mult_4/rdfs/mult_4_rdfs_po06_p_6.do
mult_4,rdfs,7,104,p[7],16,ok,results/mult_4/rdfs/mult_4_rdfs_po07_p_7.png,results/mult_4/rdfs/mult_4_rdfs_po07_p_7.bdd.txt,results/mult_4/rdfs/mult_4_rdfs_po07_p_7.dot,results/mult_4/rdfs/mult_4_rdfs_po07_p_7.log,results/mult_4/rdfs/mult_4_rdfs_po07_p_7.do
adder_8,file,0,84,sum[0],3,ok,results/adder_8/file/adder_8_file_po00_sum_0.png,results/adder_8/file/adder_8_file_po00_sum_0.bdd.txt,results/adder_8/file/adder_8_file_po00_sum_0.dot,results/adder_8/file/adder_8_file_po00_sum_0.log,results/adder_8/file/adder_8_file_po00_sum_0.do
adder_8,file,1,85,sum[1],6,ok,results/adder_8/file/adder_8_file_po01_sum_1.png,results/adder_8/file/adder_8_file_po01_sum_1.bdd.txt,results/adder_8/file/adder_8_file_po01_sum_1.dot,results/adder_8/file/adder_8_file_po01_sum_1.log,results/adder_8/file/adder_8_file_po01_sum_1.do
adder_8,file,2,86,sum[2],13,ok,results/adder_8/file/adder_8_file_po02_sum_2.png,results/adder_8/file/adder_8_file_po02_sum_2.bdd.txt,results/adder_8/file/adder_8_file_po02_sum_2.dot,results/adder_8/file/adder_8_file_po02_sum_2.log,results/adder_8/file/adder_8_file_po02_sum_2.do
adder_8,file,3,87,sum[3],28,ok,results/adder_8/file/adder_8_file_po03_sum_3.png,results/adder_8/file/adder_8_file_po03_sum_3.bdd.txt,results/adder_8/file/adder_8_file_po03_sum_3.dot,results/adder_8/file/adder_8_file_po03_sum_3.log,results/adder_8/file/adder_8_file_po03_sum_3.do
adder_8,file,4,88,sum[4],59,ok,results/adder_8/file/adder_8_file_po04_sum_4.png,results/adder_8/file/adder_8_file_po04_sum_4.bdd.txt,results/adder_8/file/adder_8_file_po04_sum_4.dot,results/adder_8/file/adder_8_file_po04_sum_4.log,results/adder_8/file/adder_8_file_po04_sum_4.do
adder_8,file,5,89,sum[5],122,ok,results/adder_8/file/adder_8_file_po05_sum_5.png,results/adder_8/file/adder_8_file_po05_sum_5.bdd.txt,results/adder_8/file/adder_8_file_po05_sum_5.dot,results/adder_8/file/adder_8_file_po05_sum_5.log,results/adder_8/file/adder_8_file_po05_sum_5.do
adder_8,file,6,90,sum[6],249,ok,results/adder_8/file/adder_8_file_po06_sum_6.png,results/adder_8/file/adder_8_file_po06_sum_6.bdd.txt,results/adder_8/file/adder_8_file_po06_sum_6.dot,results/adder_8/file/adder_8_file_po06_sum_6.log,results/adder_8/file/adder_8_file_po06_sum_6.do
adder_8,file,7,91,sum[7],504,ok,results/adder_8/file/adder_8_file_po07_sum_7.png,results/adder_8/file/adder_8_file_po07_sum_7.bdd.txt,results/adder_8/file/adder_8_file_po07_sum_7.dot,results/adder_8/file/adder_8_file_po07_sum_7.log,results/adder_8/file/adder_8_file_po07_sum_7.do
adder_8,file,8,92,cout[0],758,ok,results/adder_8/file/adder_8_file_po08_cout_0.png,results/adder_8/file/adder_8_file_po08_cout_0.bdd.txt,results/adder_8/file/adder_8_file_po08_cout_0.dot,results/adder_8/file/adder_8_file_po08_cout_0.log,results/adder_8/file/adder_8_file_po08_cout_0.do
adder_8,dfs,0,84,sum[0],3,ok,results/adder_8/dfs/adder_8_dfs_po00_sum_0.png,results/adder_8/dfs/adder_8_dfs_po00_sum_0.bdd.txt,results/adder_8/dfs/adder_8_dfs_po00_sum_0.dot,results/adder_8/dfs/adder_8_dfs_po00_sum_0.log,results/adder_8/dfs/adder_8_dfs_po00_sum_0.do
adder_8,dfs,1,85,sum[1],5,ok,results/adder_8/dfs/adder_8_dfs_po01_sum_1.png,results/adder_8/dfs/adder_8_dfs_po01_sum_1.bdd.txt,results/adder_8/dfs/adder_8_dfs_po01_sum_1.dot,results/adder_8/dfs/adder_8_dfs_po01_sum_1.log,results/adder_8/dfs/adder_8_dfs_po01_sum_1.do
adder_8,dfs,2,86,sum[2],8,ok,results/adder_8/dfs/adder_8_dfs_po02_sum_2.png,results/adder_8/dfs/adder_8_dfs_po02_sum_2.bdd.txt,results/adder_8/dfs/adder_8_dfs_po02_sum_2.dot,results/adder_8/dfs/adder_8_dfs_po02_sum_2.log,results/adder_8/dfs/adder_8_dfs_po02_sum_2.do
adder_8,dfs,3,87,sum[3],11,ok,results/adder_8/dfs/adder_8_dfs_po03_sum_3.png,results/adder_8/dfs/adder_8_dfs_po03_sum_3.bdd.txt,results/adder_8/dfs/adder_8_dfs_po03_sum_3.dot,results/adder_8/dfs/adder_8_dfs_po03_sum_3.log,results/adder_8/dfs/adder_8_dfs_po03_sum_3.do
adder_8,dfs,4,88,sum[4],14,ok,results/adder_8/dfs/adder_8_dfs_po04_sum_4.png,results/adder_8/dfs/adder_8_dfs_po04_sum_4.bdd.txt,results/adder_8/dfs/adder_8_dfs_po04_sum_4.dot,results/adder_8/dfs/adder_8_dfs_po04_sum_4.log,results/adder_8/dfs/adder_8_dfs_po04_sum_4.do
adder_8,dfs,5,89,sum[5],17,ok,results/adder_8/dfs/adder_8_dfs_po05_sum_5.png,results/adder_8/dfs/adder_8_dfs_po05_sum_5.bdd.txt,results/adder_8/dfs/adder_8_dfs_po05_sum_5.dot,results/adder_8/dfs/adder_8_dfs_po05_sum_5.log,results/adder_8/dfs/adder_8_dfs_po05_sum_5.do
adder_8,dfs,6,90,sum[6],20,ok,results/adder_8/dfs/adder_8_dfs_po06_sum_6.png,results/adder_8/dfs/adder_8_dfs_po06_sum_6.bdd.txt,results/adder_8/dfs/adder_8_dfs_po06_sum_6.dot,results/adder_8/dfs/adder_8_dfs_po06_sum_6.log,results/adder_8/dfs/adder_8_dfs_po06_sum_6.do
adder_8,dfs,7,91,sum[7],23,ok,results/adder_8/dfs/adder_8_dfs_po07_sum_7.png,results/adder_8/dfs/adder_8_dfs_po07_sum_7.bdd.txt,results/adder_8/dfs/adder_8_dfs_po07_sum_7.dot,results/adder_8/dfs/adder_8_dfs_po07_sum_7.log,results/adder_8/dfs/adder_8_dfs_po07_sum_7.do
adder_8,dfs,8,92,cout[0],24,ok,results/adder_8/dfs/adder_8_dfs_po08_cout_0.png,results/adder_8/dfs/adder_8_dfs_po08_cout_0.bdd.txt,results/adder_8/dfs/adder_8_dfs_po08_cout_0.dot,results/adder_8/dfs/adder_8_dfs_po08_cout_0.log,results/adder_8/dfs/adder_8_dfs_po08_cout_0.do
adder_8,rdfs,0,84,sum[0],3,ok,results/adder_8/rdfs/adder_8_rdfs_po00_sum_0.png,results/adder_8/rdfs/adder_8_rdfs_po00_sum_0.bdd.txt,results/adder_8/rdfs/adder_8_rdfs_po00_sum_0.dot,results/adder_8/rdfs/adder_8_rdfs_po00_sum_0.log,results/adder_8/rdfs/adder_8_rdfs_po00_sum_0.do
adder_8,rdfs,1,85,sum[1],5,ok,results/adder_8/rdfs/adder_8_rdfs_po01_sum_1.png,results/adder_8/rdfs/adder_8_rdfs_po01_sum_1.bdd.txt,results/adder_8/rdfs/adder_8_rdfs_po01_sum_1.dot,results/adder_8/rdfs/adder_8_rdfs_po01_sum_1.log,results/adder_8/rdfs/adder_8_rdfs_po01_sum_1.do
adder_8,rdfs,2,86,sum[2],8,ok,results/adder_8/rdfs/adder_8_rdfs_po02_sum_2.png,results/adder_8/rdfs/adder_8_rdfs_po02_sum_2.bdd.txt,results/adder_8/rdfs/adder_8_rdfs_po02_sum_2.dot,results/adder_8/rdfs/adder_8_rdfs_po02_sum_2.log,results/adder_8/rdfs/adder_8_rdfs_po02_sum_2.do
adder_8,rdfs,3,87,sum[3],11,ok,results/adder_8/rdfs/adder_8_rdfs_po03_sum_3.png,results/adder_8/rdfs/adder_8_rdfs_po03_sum_3.bdd.txt,results/adder_8/rdfs/adder_8_rdfs_po03_sum_3.dot,results/adder_8/rdfs/adder_8_rdfs_po03_sum_3.log,results/adder_8/rdfs/adder_8_rdfs_po03_sum_3.do
adder_8,rdfs,4,88,sum[4],14,ok,results/adder_8/rdfs/adder_8_rdfs_po04_sum_4.png,results/adder_8/rdfs/adder_8_rdfs_po04_sum_4.bdd.txt,results/adder_8/rdfs/adder_8_rdfs_po04_sum_4.dot,results/adder_8/rdfs/adder_8_rdfs_po04_sum_4.log,results/adder_8/rdfs/adder_8_rdfs_po04_sum_4.do
adder_8,rdfs,5,89,sum[5],17,ok,results/adder_8/rdfs/adder_8_rdfs_po05_sum_5.png,results/adder_8/rdfs/adder_8_rdfs_po05_sum_5.bdd.txt,results/adder_8/rdfs/adder_8_rdfs_po05_sum_5.dot,results/adder_8/rdfs/adder_8_rdfs_po05_sum_5.log,results/adder_8/rdfs/adder_8_rdfs_po05_sum_5.do
adder_8,rdfs,6,90,sum[6],20,ok,results/adder_8/rdfs/adder_8_rdfs_po06_sum_6.png,results/adder_8/rdfs/adder_8_rdfs_po06_sum_6.bdd.txt,results/adder_8/rdfs/adder_8_rdfs_po06_sum_6.dot,results/adder_8/rdfs/adder_8_rdfs_po06_sum_6.log,results/adder_8/rdfs/adder_8_rdfs_po06_sum_6.do
adder_8,rdfs,7,91,sum[7],23,ok,results/adder_8/rdfs/adder_8_rdfs_po07_sum_7.png,results/adder_8/rdfs/adder_8_rdfs_po07_sum_7.bdd.txt,results/adder_8/rdfs/adder_8_rdfs_po07_sum_7.dot,results/adder_8/rdfs/adder_8_rdfs_po07_sum_7.log,results/adder_8/rdfs/adder_8_rdfs_po07_sum_7.do
adder_8,rdfs,8,92,cout[0],24,ok,results/adder_8/rdfs/adder_8_rdfs_po08_cout_0.png,results/adder_8/rdfs/adder_8_rdfs_po08_cout_0.bdd.txt,results/adder_8/rdfs/adder_8_rdfs_po08_cout_0.dot,results/adder_8/rdfs/adder_8_rdfs_po08_cout_0.log,results/adder_8/rdfs/adder_8_rdfs_po08_cout_0.do
mult_8,file,0,480,p[0],3,ok,results/mult_8/file/mult_8_file_po00_p_0.png,results/mult_8/file/mult_8_file_po00_p_0.bdd.txt,results/mult_8/file/mult_8_file_po00_p_0.dot,results/mult_8/file/mult_8_file_po00_p_0.log,results/mult_8/file/mult_8_file_po00_p_0.do
mult_8,file,1,481,p[1],7,ok,results/mult_8/file/mult_8_file_po01_p_1.png,results/mult_8/file/mult_8_file_po01_p_1.bdd.txt,results/mult_8/file/mult_8_file_po01_p_1.dot,results/mult_8/file/mult_8_file_po01_p_1.log,results/mult_8/file/mult_8_file_po01_p_1.do
mult_8,file,2,482,p[2],17,ok,results/mult_8/file/mult_8_file_po02_p_2.png,results/mult_8/file/mult_8_file_po02_p_2.bdd.txt,results/mult_8/file/mult_8_file_po02_p_2.dot,results/mult_8/file/mult_8_file_po02_p_2.log,results/mult_8/file/mult_8_file_po02_p_2.do
mult_8,file,3,483,p[3],41,ok,results/mult_8/file/mult_8_file_po03_p_3.png,results/mult_8/file/mult_8_file_po03_p_3.bdd.txt,results/mult_8/file/mult_8_file_po03_p_3.dot,results/mult_8/file/mult_8_file_po03_p_3.log,results/mult_8/file/mult_8_file_po03_p_3.do
mult_8,file,4,484,p[4],101,ok,results/mult_8/file/mult_8_file_po04_p_4.png,results/mult_8/file/mult_8_file_po04_p_4.bdd.txt,results/mult_8/file/mult_8_file_po04_p_4.dot,results/mult_8/file/mult_8_file_po04_p_4.log,results/mult_8/file/mult_8_file_po04_p_4.do
mult_8,file,5,485,p[5],257,ok,results/mult_8/file/mult_8_file_po05_p_5.png,results/mult_8/file/mult_8_file_po05_p_5.bdd.txt,results/mult_8/file/mult_8_file_po05_p_5.dot,results/mult_8/file/mult_8_file_po05_p_5.log,results/mult_8/file/mult_8_file_po05_p_5.do
mult_8,file,6,486,p[6],635,ok,results/mult_8/file/mult_8_file_po06_p_6.png,results/mult_8/file/mult_8_file_po06_p_6.bdd.txt,results/mult_8/file/mult_8_file_po06_p_6.dot,results/mult_8/file/mult_8_file_po06_p_6.log,results/mult_8/file/mult_8_file_po06_p_6.do
mult_8,file,7,487,p[7],1645,ok,results/mult_8/file/mult_8_file_po07_p_7.png,results/mult_8/file/mult_8_file_po07_p_7.bdd.txt,results/mult_8/file/mult_8_file_po07_p_7.dot,results/mult_8/file/mult_8_file_po07_p_7.log,results/mult_8/file/mult_8_file_po07_p_7.do
mult_8,file,8,488,p[8],2915,ok,results/mult_8/file/mult_8_file_po08_p_8.png,results/mult_8/file/mult_8_file_po08_p_8.bdd.txt,results/mult_8/file/mult_8_file_po08_p_8.dot,results/mult_8/file/mult_8_file_po08_p_8.log,results/mult_8/file/mult_8_file_po08_p_8.do
mult_8,file,9,489,p[9],2870,ok,results/mult_8/file/mult_8_file_po09_p_9.png,results/mult_8/file/mult_8_file_po09_p_9.bdd.txt,results/mult_8/file/mult_8_file_po09_p_9.dot,results/mult_8/file/mult_8_file_po09_p_9.log,results/mult_8/file/mult_8_file_po09_p_9.do
mult_8,file,10,490,p[10],2492,ok,results/mult_8/file/mult_8_file_po10_p_10.png,results/mult_8/file/mult_8_file_po10_p_10.bdd.txt,results/mult_8/file/mult_8_file_po10_p_10.dot,results/mult_8/file/mult_8_file_po10_p_10.log,results/mult_8/file/mult_8_file_po10_p_10.do
mult_8,file,11,491,p[11],2027,ok,results/mult_8/file/mult_8_file_po11_p_11.png,results/mult_8/file/mult_8_file_po11_p_11.bdd.txt,results/mult_8/file/mult_8_file_po11_p_11.dot,results/mult_8/file/mult_8_file_po11_p_11.log,results/mult_8/file/mult_8_file_po11_p_11.do
mult_8,file,12,492,p[12],1554,ok,results/mult_8/file/mult_8_file_po12_p_12.png,results/mult_8/file/mult_8_file_po12_p_12.bdd.txt,results/mult_8/file/mult_8_file_po12_p_12.dot,results/mult_8/file/mult_8_file_po12_p_12.log,results/mult_8/file/mult_8_file_po12_p_12.do
mult_8,file,13,493,p[13],1026,ok,results/mult_8/file/mult_8_file_po13_p_13.png,results/mult_8/file/mult_8_file_po13_p_13.bdd.txt,results/mult_8/file/mult_8_file_po13_p_13.dot,results/mult_8/file/mult_8_file_po13_p_13.log,results/mult_8/file/mult_8_file_po13_p_13.do
mult_8,file,14,494,p[14],675,ok,results/mult_8/file/mult_8_file_po14_p_14.png,results/mult_8/file/mult_8_file_po14_p_14.bdd.txt,results/mult_8/file/mult_8_file_po14_p_14.dot,results/mult_8/file/mult_8_file_po14_p_14.log,results/mult_8/file/mult_8_file_po14_p_14.do
mult_8,file,15,495,p[15],453,ok,results/mult_8/file/mult_8_file_po15_p_15.png,results/mult_8/file/mult_8_file_po15_p_15.bdd.txt,results/mult_8/file/mult_8_file_po15_p_15.dot,results/mult_8/file/mult_8_file_po15_p_15.log,results/mult_8/file/mult_8_file_po15_p_15.do
mult_8,dfs,0,480,p[0],3,ok,results/mult_8/dfs/mult_8_dfs_po00_p_0.png,results/mult_8/dfs/mult_8_dfs_po00_p_0.bdd.txt,results/mult_8/dfs/mult_8_dfs_po00_p_0.dot,results/mult_8/dfs/mult_8_dfs_po00_p_0.log,results/mult_8/dfs/mult_8_dfs_po00_p_0.do
mult_8,dfs,1,481,p[1],7,ok,results/mult_8/dfs/mult_8_dfs_po01_p_1.png,results/mult_8/dfs/mult_8_dfs_po01_p_1.bdd.txt,results/mult_8/dfs/mult_8_dfs_po01_p_1.dot,results/mult_8/dfs/mult_8_dfs_po01_p_1.log,results/mult_8/dfs/mult_8_dfs_po01_p_1.do
mult_8,dfs,2,482,p[2],19,ok,results/mult_8/dfs/mult_8_dfs_po02_p_2.png,results/mult_8/dfs/mult_8_dfs_po02_p_2.bdd.txt,results/mult_8/dfs/mult_8_dfs_po02_p_2.dot,results/mult_8/dfs/mult_8_dfs_po02_p_2.log,results/mult_8/dfs/mult_8_dfs_po02_p_2.do
mult_8,dfs,3,483,p[3],63,ok,results/mult_8/dfs/mult_8_dfs_po03_p_3.png,results/mult_8/dfs/mult_8_dfs_po03_p_3.bdd.txt,results/mult_8/dfs/mult_8_dfs_po03_p_3.dot,results/mult_8/dfs/mult_8_dfs_po03_p_3.log,results/mult_8/dfs/mult_8_dfs_po03_p_3.do
mult_8,dfs,4,484,p[4],183,ok,results/mult_8/dfs/mult_8_dfs_po04_p_4.png,results/mult_8/dfs/mult_8_dfs_po04_p_4.bdd.txt,results/mult_8/dfs/mult_8_dfs_po04_p_4.dot,results/mult_8/dfs/mult_8_dfs_po04_p_4.log,results/mult_8/dfs/mult_8_dfs_po04_p_4.do
mult_8,dfs,5,485,p[5],511,ok,results/mult_8/dfs/mult_8_dfs_po05_p_5.png,results/mult_8/dfs/mult_8_dfs_po05_p_5.bdd.txt,results/mult_8/dfs/mult_8_dfs_po05_p_5.dot,results/mult_8/dfs/mult_8_dfs_po05_p_5.log,results/mult_8/dfs/mult_8_dfs_po05_p_5.do
mult_8,dfs,6,486,p[6],1523,ok,results/mult_8/dfs/mult_8_dfs_po06_p_6.png,results/mult_8/dfs/mult_8_dfs_po06_p_6.bdd.txt,results/mult_8/dfs/mult_8_dfs_po06_p_6.dot,results/mult_8/dfs/mult_8_dfs_po06_p_6.log,results/mult_8/dfs/mult_8_dfs_po06_p_6.do
mult_8,dfs,7,487,p[7],4647,ok,results/mult_8/dfs/mult_8_dfs_po07_p_7.png,results/mult_8/dfs/mult_8_dfs_po07_p_7.bdd.txt,results/mult_8/dfs/mult_8_dfs_po07_p_7.dot,results/mult_8/dfs/mult_8_dfs_po07_p_7.log,results/mult_8/dfs/mult_8_dfs_po07_p_7.do
mult_8,dfs,8,488,p[8],3976,ok,results/mult_8/dfs/mult_8_dfs_po08_p_8.png,results/mult_8/dfs/mult_8_dfs_po08_p_8.bdd.txt,results/mult_8/dfs/mult_8_dfs_po08_p_8.dot,results/mult_8/dfs/mult_8_dfs_po08_p_8.log,results/mult_8/dfs/mult_8_dfs_po08_p_8.do
mult_8,dfs,9,489,p[9],3077,ok,results/mult_8/dfs/mult_8_dfs_po09_p_9.png,results/mult_8/dfs/mult_8_dfs_po09_p_9.bdd.txt,results/mult_8/dfs/mult_8_dfs_po09_p_9.dot,results/mult_8/dfs/mult_8_dfs_po09_p_9.log,results/mult_8/dfs/mult_8_dfs_po09_p_9.do
mult_8,dfs,10,490,p[10],2193,ok,results/mult_8/dfs/mult_8_dfs_po10_p_10.png,results/mult_8/dfs/mult_8_dfs_po10_p_10.bdd.txt,results/mult_8/dfs/mult_8_dfs_po10_p_10.dot,results/mult_8/dfs/mult_8_dfs_po10_p_10.log,results/mult_8/dfs/mult_8_dfs_po10_p_10.do
mult_8,dfs,11,491,p[11],1458,ok,results/mult_8/dfs/mult_8_dfs_po11_p_11.png,results/mult_8/dfs/mult_8_dfs_po11_p_11.bdd.txt,results/mult_8/dfs/mult_8_dfs_po11_p_11.dot,results/mult_8/dfs/mult_8_dfs_po11_p_11.log,results/mult_8/dfs/mult_8_dfs_po11_p_11.do
mult_8,dfs,12,492,p[12],1058,ok,results/mult_8/dfs/mult_8_dfs_po12_p_12.png,results/mult_8/dfs/mult_8_dfs_po12_p_12.bdd.txt,results/mult_8/dfs/mult_8_dfs_po12_p_12.dot,results/mult_8/dfs/mult_8_dfs_po12_p_12.log,results/mult_8/dfs/mult_8_dfs_po12_p_12.do
mult_8,dfs,13,493,p[13],655,ok,results/mult_8/dfs/mult_8_dfs_po13_p_13.png,results/mult_8/dfs/mult_8_dfs_po13_p_13.bdd.txt,results/mult_8/dfs/mult_8_dfs_po13_p_13.dot,results/mult_8/dfs/mult_8_dfs_po13_p_13.log,results/mult_8/dfs/mult_8_dfs_po13_p_13.do
mult_8,dfs,14,494,p[14],338,ok,results/mult_8/dfs/mult_8_dfs_po14_p_14.png,results/mult_8/dfs/mult_8_dfs_po14_p_14.bdd.txt,results/mult_8/dfs/mult_8_dfs_po14_p_14.dot,results/mult_8/dfs/mult_8_dfs_po14_p_14.log,results/mult_8/dfs/mult_8_dfs_po14_p_14.do
mult_8,dfs,15,495,p[15],135,ok,results/mult_8/dfs/mult_8_dfs_po15_p_15.png,results/mult_8/dfs/mult_8_dfs_po15_p_15.bdd.txt,results/mult_8/dfs/mult_8_dfs_po15_p_15.dot,results/mult_8/dfs/mult_8_dfs_po15_p_15.log,results/mult_8/dfs/mult_8_dfs_po15_p_15.do
mult_8,rdfs,0,480,p[0],3,ok,results/mult_8/rdfs/mult_8_rdfs_po00_p_0.png,results/mult_8/rdfs/mult_8_rdfs_po00_p_0.bdd.txt,results/mult_8/rdfs/mult_8_rdfs_po00_p_0.dot,results/mult_8/rdfs/mult_8_rdfs_po00_p_0.log,results/mult_8/rdfs/mult_8_rdfs_po00_p_0.do
mult_8,rdfs,1,481,p[1],7,ok,results/mult_8/rdfs/mult_8_rdfs_po01_p_1.png,results/mult_8/rdfs/mult_8_rdfs_po01_p_1.bdd.txt,results/mult_8/rdfs/mult_8_rdfs_po01_p_1.dot,results/mult_8/rdfs/mult_8_rdfs_po01_p_1.log,results/mult_8/rdfs/mult_8_rdfs_po01_p_1.do
mult_8,rdfs,2,482,p[2],13,ok,results/mult_8/rdfs/mult_8_rdfs_po02_p_2.png,results/mult_8/rdfs/mult_8_rdfs_po02_p_2.bdd.txt,results/mult_8/rdfs/mult_8_rdfs_po02_p_2.dot,results/mult_8/rdfs/mult_8_rdfs_po02_p_2.log,results/mult_8/rdfs/mult_8_rdfs_po02_p_2.do
mult_8,rdfs,3,483,p[3],30,ok,results/mult_8/rdfs/mult_8_rdfs_po03_p_3.png,results/mult_8/rdfs/mult_8_rdfs_po03_p_3.bdd.txt,results/mult_8/rdfs/mult_8_rdfs_po03_p_3.dot,results/mult_8/rdfs/mult_8_rdfs_po03_p_3.log,results/mult_8/rdfs/mult_8_rdfs_po03_p_3.do
mult_8,rdfs,4,484,p[4],62,ok,results/mult_8/rdfs/mult_8_rdfs_po04_p_4.png,results/mult_8/rdfs/mult_8_rdfs_po04_p_4.bdd.txt,results/mult_8/rdfs/mult_8_rdfs_po04_p_4.dot,results/mult_8/rdfs/mult_8_rdfs_po04_p_4.log,results/mult_8/rdfs/mult_8_rdfs_po04_p_4.do
mult_8,rdfs,5,485,p[5],144,ok,results/mult_8/rdfs/mult_8_rdfs_po05_p_5.png,results/mult_8/rdfs/mult_8_rdfs_po05_p_5.bdd.txt,results/mult_8/rdfs/mult_8_rdfs_po05_p_5.dot,results/mult_8/rdfs/mult_8_rdfs_po05_p_5.log,results/mult_8/rdfs/mult_8_rdfs_po05_p_5.do
mult_8,rdfs,6,486,p[6],325,ok,results/mult_8/rdfs/mult_8_rdfs_po06_p_6.png,results/mult_8/rdfs/mult_8_rdfs_po06_p_6.bdd.txt,results/mult_8/rdfs/mult_8_rdfs_po06_p_6.dot,results/mult_8/rdfs/mult_8_rdfs_po06_p_6.log,results/mult_8/rdfs/mult_8_rdfs_po06_p_6.do
mult_8,rdfs,7,487,p[7],777,ok,results/mult_8/rdfs/mult_8_rdfs_po07_p_7.png,results/mult_8/rdfs/mult_8_rdfs_po07_p_7.bdd.txt,results/mult_8/rdfs/mult_8_rdfs_po07_p_7.dot,results/mult_8/rdfs/mult_8_rdfs_po07_p_7.log,results/mult_8/rdfs/mult_8_rdfs_po07_p_7.do
mult_8,rdfs,8,488,p[8],1775,ok,results/mult_8/rdfs/mult_8_rdfs_po08_p_8.png,results/mult_8/rdfs/mult_8_rdfs_po08_p_8.bdd.txt,results/mult_8/rdfs/mult_8_rdfs_po08_p_8.dot,results/mult_8/rdfs/mult_8_rdfs_po08_p_8.log,results/mult_8/rdfs/mult_8_rdfs_po08_p_8.do
mult_8,rdfs,9,489,p[9],3537,ok,results/mult_8/rdfs/mult_8_rdfs_po09_p_9.png,results/mult_8/rdfs/mult_8_rdfs_po09_p_9.bdd.txt,results/mult_8/rdfs/mult_8_rdfs_po09_p_9.dot,results/mult_8/rdfs/mult_8_rdfs_po09_p_9.log,results/mult_8/rdfs/mult_8_rdfs_po09_p_9.do
mult_8,rdfs,10,490,p[10],4419,ok,results/mult_8/rdfs/mult_8_rdfs_po10_p_10.png,results/mult_8/rdfs/mult_8_rdfs_po10_p_10.bdd.txt,results/mult_8/rdfs/mult_8_rdfs_po10_p_10.dot,results/mult_8/rdfs/mult_8_rdfs_po10_p_10.log,results/mult_8/rdfs/mult_8_rdfs_po10_p_10.do
mult_8,rdfs,11,491,p[11],3872,ok,results/mult_8/rdfs/mult_8_rdfs_po11_p_11.png,results/mult_8/rdfs/mult_8_rdfs_po11_p_11.bdd.txt,results/mult_8/rdfs/mult_8_rdfs_po11_p_11.dot,results/mult_8/rdfs/mult_8_rdfs_po11_p_11.log,results/mult_8/rdfs/mult_8_rdfs_po11_p_11.do
mult_8,rdfs,12,492,p[12],2362,ok,results/mult_8/rdfs/mult_8_rdfs_po12_p_12.png,results/mult_8/rdfs/mult_8_rdfs_po12_p_12.bdd.txt,results/mult_8/rdfs/mult_8_rdfs_po12_p_12.dot,results/mult_8/rdfs/mult_8_rdfs_po12_p_12.log,results/mult_8/rdfs/mult_8_rdfs_po12_p_12.do
mult_8,rdfs,13,493,p[13],1165,ok,results/mult_8/rdfs/mult_8_rdfs_po13_p_13.png,results/mult_8/rdfs/mult_8_rdfs_po13_p_13.bdd.txt,results/mult_8/rdfs/mult_8_rdfs_po13_p_13.dot,results/mult_8/rdfs/mult_8_rdfs_po13_p_13.log,results/mult_8/rdfs/mult_8_rdfs_po13_p_13.do
mult_8,rdfs,14,494,p[14],520,ok,results/mult_8/rdfs/mult_8_rdfs_po14_p_14.png,results/mult_8/rdfs/mult_8_rdfs_po14_p_14.bdd.txt,results/mult_8/rdfs/mult_8_rdfs_po14_p_14.dot,results/mult_8/rdfs/mult_8_rdfs_po14_p_14.log,results/mult_8/rdfs/mult_8_rdfs_po14_p_14.do
mult_8,rdfs,15,495,p[15],167,ok,results/mult_8/rdfs/mult_8_rdfs_po15_p_15.png,results/mult_8/rdfs/mult_8_rdfs_po15_p_15.bdd.txt,results/mult_8/rdfs/mult_8_rdfs_po15_p_15.dot,results/mult_8/rdfs/mult_8_rdfs_po15_p_15.log,results/mult_8/rdfs/mult_8_rdfs_po15_p_15.do
